<?xml version="1.0" encoding="UTF-8"?>
<!DOCTYPE mapper PUBLIC "-//mybatis.org//DTD Mapper 3.0//EN" "http://mybatis.org/dtd/mybatis-3-mapper.dtd">
<mapper namespace="com.example.demo.board.mapper.BoardMapper">

<!-- parameterType 생략가능, resultType 생략불가 -->
<!-- insert : 등록 -->
<insert id="insert" parameterType="BoardDTO">
  INSERT INTO tbl_board (
    bno
    , title
    , content
    , writer
  )
  VALUES (
    seq_board.nextval
    , #{title}
    , #{content}
    , #{writer}
  )
</insert>

<!-- update : 수정 -->
<update id="update" parameterType="BoardDTO">
  UPDATE tbl_board
     SET title = #{title}
         , content = #{content}
         , writer = #{writer}
         , updateDate = sysdate
   WHERE bno = #{bno}
</update>

<!-- delete : 삭제 -->
<delete id="delete" parameterType="long">
  DELETE tbl_board
   WHERE bno = #{bno}
</delete>

<!-- read : 단건 조회 -->
<select id="read" parameterType="long" resultType="BoardDTO">
  SELECT bno
         , title
         , content
         , writer
         , regdate
    FROM tbl_board
   WHERE bno = #{bno}
</select>

<!-- getList : 전체 조회 -->
<select id="getList" resultType="BoardDTO">
  SELECT bno
         , title
         , content
         , writer
         , regdate
    FROM tbl_board
  <![CDATA[
   WHERE bno > 0
  ]]>
</select>

</mapper>